{"avg_TR_acc": 89.1838134477822, "std_TR_acc": 8.960639581151758, "avg_TS_acc": 63.444444588555235, "std_TS_acc": 6.834913962174082}